{"text": "\u6211\u77e5\u9053\u4e86,\u6211\u5728\u5fae\u4fe1\u4e0a\u4e0d\u80fd\u505a\u6cd5,\u5f00\u542f\u5e7c\u5fae\u4fe1\u4e0a\u53ef\u4ee5\u505a\u6cd5,\u7136\u540e\u4f60\u5e38\u8bd5\u4f7f\u7528,\u5e38\u8bd5\u4f7f\u7528\u8bfe\u9f99\u58f0\u97f3", "segments": [{"id": 0, "seek": 0, "start": 0.0, "end": 13.0, "text": "\u6211\u77e5\u9053\u4e86,\u6211\u5728\u5fae\u4fe1\u4e0a\u4e0d\u80fd\u505a\u6cd5,\u5f00\u542f\u5e7c\u5fae\u4fe1\u4e0a\u53ef\u4ee5\u505a\u6cd5,\u7136\u540e\u4f60\u5e38\u8bd5\u4f7f\u7528,\u5e38\u8bd5\u4f7f\u7528\u8bfe\u9f99\u58f0\u97f3", "tokens": [50364, 33838, 2289, 11, 40528, 39152, 17665, 5708, 28590, 10907, 11148, 11, 18937, 2392, 107, 3509, 120, 39152, 17665, 5708, 6723, 10907, 11148, 11, 26636, 2166, 11279, 5233, 243, 22982, 9254, 11, 11279, 5233, 243, 22982, 9254, 5233, 122, 28907, 247, 32045, 18034, 51014], "temperature": 0.0, "avg_logprob": -0.5716841379801433, "compression_ratio": 1.063063063063063, "no_speech_prob": 0.4274575114250183}], "language": "Chinese"}